{"cameraMode":{"drawMode":0,"name":"Shaded","section":"Shading Mode"},"sceneLighting":true,"audioPlay":false,"sceneViewState":{"m_AlwaysRefresh":false,"showFog":true,"showSkybox":true,"showFlares":true,"showImageEffects":true,"showParticleSystems":true,"showVisualEffectGraphs":true,"m_FxEnabled":true},"in2DMode":false,"pivot":{"x":2.065009832382202,"y":6.505675315856934,"z":-0.5021553039550781},"rotation":{"x":-0.07670523226261139,"y":0.027512528002262117,"z":-0.002117582829669118,"w":-0.9966744780540466},"size":7.737750053405762,"orthographic":false}